,N_1,N_2,N_3,N_4,N_5,N_6,N_7,N_8,M_1,M_2,M_3,M_4,M_5,M_6,M_7,M_8,C_1,C_2,C_3,C_4,C_5,C_6,C_7,C_8,
sp|P00550|PTM3C_ECOLI,0,0.16,0.28,0.08,0.04,0.44,0,0,0.156729,0.126065,0.182283,0.109029,0.042589,0.350937,0.025554,0.006814,0.24,0.16,0.24,0.04,0,0.32,0,0,1
sp|P03004|DNAA_ECOLI,0.16,0.16,0.2,0,0.04,0.32,0.08,0.04,0.17506,0.194245,0.213429,0.055156,0.047962,0.275779,0.033573,0.004796,0.16,0.24,0.32,0,0,0.28,0,0,1
sp|P04395|3MG2_ECOLI,0.12,0.08,0.2,0.04,0.08,0.28,0.2,0,0.193966,0.168103,0.142241,0.077586,0.068966,0.288793,0.043103,0.017241,0.2,0.2,0.12,0.04,0.08,0.12,0.24,0,1
sp|P0A8H3|ZUPT_ECOLI,0.16,0,0.12,0.16,0.04,0.52,0,0,0.178744,0.086957,0.149758,0.101449,0.062802,0.396135,0.024155,0,0.04,0.04,0.16,0.2,0.04,0.44,0.04,0.04,1
sp|P0AAD8|TDCC_ECOLI,0,0.2,0.6,0,0,0.12,0.08,0,0.119593,0.086514,0.188295,0.07888,0.038168,0.419847,0.053435,0.015267,0,0.12,0.2,0.08,0,0.56,0.04,0,1
sp|P0ABI4|CORA_ECOLI,0.2,0.16,0.24,0,0.04,0.36,0,0,0.180451,0.161654,0.203008,0.048872,0.030075,0.342105,0.030075,0.003759,0.12,0.12,0.04,0.08,0.08,0.4,0.16,0,1
sp|P0AD99|BRNQ_ECOLI,0.12,0.16,0.16,0.12,0,0.44,0,0,0.143959,0.071979,0.179949,0.092545,0.048843,0.401028,0.048843,0.012853,0.16,0.16,0.2,0.04,0.04,0.36,0.04,0,1
sp|P0AFJ7|PITA_ECOLI,0.12,0.08,0.08,0.08,0,0.64,0,0,0.13363,0.135857,0.211581,0.095768,0.035635,0.345212,0.037862,0.004454,0.12,0.04,0.12,0.08,0.04,0.48,0.12,0,1
sp|P0AFR2|DAUA_ECOLI,0.12,0.2,0.2,0,0.04,0.32,0.08,0.04,0.143418,0.104126,0.153242,0.096267,0.051081,0.418468,0.023576,0.009823,0.24,0.2,0.08,0.08,0.12,0.28,0,0,1
sp|P0AGE4|SSTT_ECOLI,0.04,0.28,0.16,0.12,0.04,0.36,0,0,0.131868,0.071429,0.203297,0.082418,0.043956,0.42033,0.027473,0.019231,0.28,0.12,0.36,0,0,0.2,0,0.04,1
sp|P24177|ACRD_ECOLI,0.12,0.04,0.16,0.04,0.04,0.52,0.04,0.04,0.150963,0.14387,0.218845,0.081054,0.038501,0.324215,0.039514,0.00304,0.08,0.2,0,0,0.16,0.52,0.04,0,1
sp|P46136|YDDG_ECOLI,0.08,0.16,0.16,0.08,0,0.48,0.04,0,0.127572,0.061728,0.176955,0.102881,0.045267,0.395062,0.078189,0.012346,0.08,0.12,0.16,0.16,0,0.32,0.08,0.08,1
sp|P69423|TATC_ECOLI,0.08,0.2,0.2,0,0.04,0.44,0,0.04,0.120192,0.076923,0.149038,0.043269,0.072115,0.471154,0.052885,0.014423,0.4,0.2,0.2,0.08,0,0.08,0.04,0,1
sp|P69786|PTGCB_ECOLI,0.08,0.16,0.16,0.04,0.08,0.48,0,0,0.166276,0.100703,0.154567,0.11007,0.04918,0.367681,0.044496,0.007026,0.12,0.2,0.32,0.08,0,0.24,0.04,0,1
sp|P69797|PTNAB_ECOLI,0.24,0.12,0.12,0.08,0,0.4,0.04,0,0.190476,0.150183,0.205128,0.07326,0.058608,0.29304,0.029304,0,0.08,0.24,0.24,0,0.04,0.4,0,0,1
sp|P76630|YGAZ_ECOLI,0.16,0.08,0.24,0.08,0.2,0.2,0,0.04,0.169231,0.102564,0.184615,0.076923,0.030769,0.374359,0.051282,0.010256,0.2,0.08,0.08,0.12,0.04,0.36,0.04,0.08,1
sp|A1A5B4|ANO9_HUMAN,0.2,0.08,0.2,0.08,0.08,0.36,0,0,0.128415,0.181694,0.170765,0.046448,0.039617,0.353825,0.057377,0.021858,0.16,0.12,0.28,0.08,0.2,0.16,0,0,1
sp|O00341|EAA5_HUMAN,0.08,0.2,0.12,0.08,0.04,0.44,0,0.04,0.133333,0.121569,0.194118,0.070588,0.056863,0.378431,0.027451,0.017647,0.28,0.12,0.28,0,0.04,0.24,0,0.04,1
sp|O14804|TAAR5_HUMAN,0.24,0.16,0.08,0.08,0.08,0.24,0.04,0.08,0.097561,0.108014,0.1777,0.041812,0.041812,0.421603,0.069686,0.041812,0.08,0.32,0.24,0,0.04,0.28,0.04,0,1
sp|O14979|HNRDL_HUMAN,0.16,0.12,0.16,0,0.28,0.28,0,0,0.140541,0.235135,0.208108,0.124324,0.048649,0.172973,0.062162,0.008108,0.04,0.28,0.28,0.2,0.04,0,0.16,0,1
sp|O15400|STX7_HUMAN,0.08,0.2,0.24,0.12,0.08,0.24,0.04,0,0.165877,0.2891,0.241706,0.023697,0.028436,0.227488,0.018957,0.004739,0.04,0.04,0.12,0.08,0,0.64,0.04,0.04,1
sp|O43663|PRC1_HUMAN,0.24,0.24,0.12,0,0,0.36,0,0.04,0.187719,0.238596,0.191228,0.038596,0.038596,0.254386,0.031579,0.019298,0.12,0.2,0.44,0.04,0,0.2,0,0,1
sp|O60669|MOT2_HUMAN,0.08,0.04,0.08,0.16,0.32,0.24,0.08,0,0.114486,0.121495,0.191589,0.084112,0.046729,0.369159,0.056075,0.016355,0.16,0.2,0.44,0,0,0.2,0,0,1
sp|O75387|LAT3_HUMAN,0.2,0.2,0.12,0,0.04,0.28,0.12,0.04,0.102161,0.115914,0.223969,0.08055,0.047151,0.361493,0.041257,0.027505,0.24,0.16,0.16,0.12,0.04,0.24,0.04,0,1
sp|O75821|EIF3G_HUMAN,0.2,0.12,0.32,0.08,0.08,0.12,0.04,0.04,0.140741,0.207407,0.255556,0.07037,0.074074,0.214815,0.022222,0.014815,0.16,0.08,0.24,0.12,0.04,0.28,0.08,0,1
sp|O94811|TPPP_HUMAN,0.2,0.24,0.28,0.04,0.2,0.04,0,0,0.195266,0.230769,0.218935,0.088757,0.023669,0.218935,0.005917,0.017751,0.08,0.24,0.2,0.2,0,0.16,0.12,0,1
sp|O95232|LC7L3_HUMAN,0.2,0.2,0.24,0.04,0.04,0.28,0,0,0.180628,0.358639,0.219895,0.041885,0.010471,0.149215,0.020942,0.018325,0.16,0.16,0.52,0.08,0,0.08,0,0,1
sp|P04920|B3A2_HUMAN,0.2,0.12,0.24,0.08,0.2,0.12,0,0.04,0.167086,0.177162,0.169605,0.077246,0.069689,0.309824,0.02183,0.007557,0.32,0.04,0.2,0.04,0.12,0.24,0.04,0,1
sp|P12314|FCGR1_HUMAN,0.04,0.08,0.28,0.04,0.04,0.44,0.08,0,0.104938,0.182099,0.234568,0.064815,0.040123,0.290123,0.064815,0.018519,0.28,0.4,0.04,0.08,0.04,0.12,0,0.04,1
sp|P14866|HNRPL_HUMAN,0.16,0.52,0.08,0,0.08,0.16,0,0,0.118738,0.168831,0.213358,0.12987,0.081633,0.218924,0.050093,0.018553,0.08,0.2,0.24,0.04,0.12,0.16,0.12,0.04,1
sp|P31943|HNRH1_HUMAN,0.12,0.08,0.16,0.2,0.04,0.32,0.04,0.04,0.137845,0.177945,0.205514,0.145363,0.0401,0.223058,0.06015,0.010025,0.08,0.16,0.4,0.12,0,0.2,0.04,0,1
sp|P47813|IF1AX_HUMAN,0.16,0.4,0.2,0.16,0.04,0.04,0,0,0.148936,0.223404,0.180851,0.074468,0.010638,0.287234,0.053191,0.021277,0.08,0.04,0.48,0.12,0.04,0.24,0,0,1
sp|P55017|S12A3_HUMAN,0.16,0.04,0.36,0.08,0.08,0.24,0,0.04,0.125644,0.142122,0.204943,0.07724,0.049434,0.327497,0.054583,0.018538,0.04,0.2,0.2,0.04,0.08,0.36,0.04,0.04,1
sp|P62995|TRA2B_HUMAN,0.2,0.2,0.36,0.16,0,0.04,0.04,0,0.07563,0.306723,0.289916,0.088235,0.037815,0.117647,0.07563,0.008403,0,0.28,0.32,0.08,0.12,0,0.2,0,1
sp|Q04323|UBXN1_HUMAN,0.36,0.12,0.08,0.08,0.04,0.32,0,0,0.255061,0.263158,0.133603,0.08502,0.072874,0.17004,0.016194,0.004049,0.16,0.16,0.12,0.04,0.12,0.36,0,0.04,1
sp|Q0JRZ9|FCHO2_HUMAN,0.12,0.08,0.2,0.08,0,0.4,0.12,0,0.155263,0.171053,0.284211,0.044737,0.067105,0.235526,0.031579,0.010526,0.12,0.2,0.16,0.12,0,0.28,0.08,0.04,1
sp|Q12934|BFSP1_HUMAN,0.28,0.32,0.16,0,0,0.12,0.12,0,0.226016,0.221138,0.18374,0.058537,0.060163,0.219512,0.022764,0.00813,0.16,0.24,0.32,0.08,0,0.2,0,0,1
sp|Q13190|STX5_HUMAN,0,0.28,0.24,0.12,0.04,0.24,0.08,0,0.144262,0.22623,0.259016,0.036066,0.042623,0.27541,0.009836,0.006557,0.04,0.08,0.08,0,0,0.76,0.04,0,1
sp|Q13257|MD2L1_HUMAN,0.24,0.16,0.16,0.08,0,0.36,0,0,0.122581,0.167742,0.245161,0.032258,0.032258,0.322581,0.058065,0.019355,0.04,0.2,0.32,0,0.04,0.36,0.04,0,1
sp|Q13325|IFIT5_HUMAN,0.16,0.16,0.2,0,0,0.4,0.04,0.04,0.178241,0.231481,0.19213,0.043981,0.023148,0.25,0.06713,0.013889,0.28,0.16,0.16,0,0.04,0.28,0.04,0.04,1
sp|Q13336|UT1_HUMAN,0.08,0.12,0.32,0.04,0.12,0.28,0,0.04,0.100295,0.073746,0.20059,0.088496,0.056047,0.389381,0.064897,0.026549,0.16,0.24,0.16,0,0.08,0.28,0.08,0,1
sp|Q13651|I10R1_HUMAN,0.16,0.08,0.16,0.08,0.04,0.44,0,0.04,0.132576,0.153409,0.255682,0.073864,0.075758,0.246212,0.039773,0.022727,0.04,0.04,0.36,0.12,0.08,0.36,0,0,1
sp|Q15386|UBE3C_HUMAN,0.16,0.24,0.2,0.12,0.04,0.24,0,0,0.122943,0.177154,0.211036,0.048403,0.047435,0.331075,0.04453,0.017425,0.28,0.08,0.16,0.04,0,0.32,0.08,0.04,1
sp|Q15560|TCEA2_HUMAN,0.28,0.28,0.12,0.04,0,0.28,0,0,0.160643,0.2249,0.240964,0.040161,0.056225,0.232932,0.012048,0.032129,0.08,0.16,0.32,0.04,0.04,0.2,0.04,0.12,1
sp|Q495M3|S36A2_HUMAN,0.16,0.12,0.24,0.08,0.12,0.28,0,0,0.094688,0.110855,0.198614,0.060046,0.048499,0.420323,0.04157,0.025404,0.12,0.16,0.4,0,0.04,0.24,0.04,0,1
sp|Q5VZL5|ZMYM4_HUMAN,0.28,0.24,0.12,0.08,0.04,0.24,0,0,0.120828,0.190921,0.261015,0.050067,0.058745,0.243658,0.034045,0.040721,0.28,0.16,0.24,0,0,0.32,0,0,1
sp|Q86WV1|SKAP1_HUMAN,0.44,0.08,0.04,0.04,0.04,0.32,0.04,0,0.145631,0.194175,0.249191,0.07767,0.038835,0.200647,0.07767,0.016181,0.24,0.08,0.16,0.08,0.04,0.36,0.04,0,1
sp|Q8N697|S15A4_HUMAN,0.44,0.12,0.04,0.24,0.04,0.12,0,0,0.14611,0.11575,0.176471,0.089184,0.043643,0.356736,0.047438,0.024668,0.08,0.4,0.28,0.04,0.04,0.12,0.04,0,1
sp|Q8NCR0|B3GL2_HUMAN,0.08,0.16,0.08,0.04,0.04,0.44,0.08,0.08,0.126667,0.153333,0.22,0.068889,0.053333,0.297778,0.062222,0.017778,0.16,0.24,0.12,0.04,0.08,0.12,0.12,0.12,1
sp|Q8NDV3|SMC1B_HUMAN,0.12,0.24,0.08,0.08,0.04,0.4,0.04,0,0.176371,0.266667,0.183966,0.035443,0.016034,0.277637,0.025316,0.018565,0.12,0.24,0.32,0.08,0.04,0.16,0.04,0,1
sp|Q8WWY3|PRP31_HUMAN,0.48,0,0.16,0.12,0,0.2,0.04,0,0.182628,0.202673,0.211581,0.060134,0.040089,0.262806,0.03118,0.008909,0.16,0.2,0.24,0.08,0,0.28,0.04,0,1
sp|Q969I6|S38A4_HUMAN,0.2,0.04,0.4,0.04,0.12,0.2,0,0,0.112676,0.110664,0.203219,0.070423,0.044266,0.396378,0.054326,0.008048,0.04,0.12,0.2,0.04,0.08,0.44,0.08,0,1
sp|Q9C0H2|TTYH3_HUMAN,0.12,0.12,0.16,0.04,0.08,0.32,0.16,0,0.154334,0.135307,0.200846,0.067653,0.046512,0.300211,0.059197,0.035941,0.08,0.2,0.4,0.04,0.12,0.08,0.08,0,1
sp|Q9GZU1|MCLN1_HUMAN,0.16,0.12,0.24,0.16,0.16,0.12,0.04,0,0.09434,0.150943,0.209434,0.060377,0.049057,0.349057,0.056604,0.030189,0.12,0.08,0.28,0.12,0.04,0.2,0,0.16,1
sp|Q9H1B5|XYLT2_HUMAN,0.24,0.24,0.08,0,0,0.4,0.04,0,0.134969,0.186503,0.2,0.074847,0.079755,0.251534,0.055215,0.017178,0.08,0.16,0.32,0.08,0.12,0.2,0.04,0,1
sp|Q9H270|VPS11_HUMAN,0.16,0.2,0.16,0,0.04,0.36,0.08,0,0.129068,0.224467,0.20651,0.053872,0.038159,0.27385,0.04826,0.025814,0.12,0.24,0.28,0.08,0.04,0.24,0,0,1
sp|Q9H2J7|S6A15_HUMAN,0.08,0.2,0.36,0,0.04,0.32,0,0,0.113235,0.111765,0.201471,0.069118,0.044118,0.375,0.061765,0.023529,0.12,0.04,0.24,0.12,0.12,0.28,0.08,0,1
sp|Q9H492|MLP3A_HUMAN,0.08,0.4,0.2,0,0.08,0.2,0,0.04,0.070423,0.253521,0.183099,0.014085,0.084507,0.380282,0.014085,0,0.2,0.12,0.2,0.08,0,0.28,0.12,0,1
sp|Q9HBJ8|CLTRN_HUMAN,0.24,0.08,0.08,0.04,0.04,0.44,0.04,0.04,0.139535,0.151163,0.226744,0.023256,0.05814,0.348837,0.034884,0.017442,0.12,0.12,0.32,0.08,0.08,0.28,0,0,1
sp|Q9NRA2|S17A5_HUMAN,0.12,0.16,0.32,0.08,0.12,0.2,0,0,0.114607,0.103371,0.202247,0.085393,0.049438,0.350562,0.076404,0.017978,0.16,0.28,0.16,0.08,0,0.28,0.04,0,1
sp|Q9NWQ8|PHAG1_HUMAN,0.16,0.08,0.16,0.2,0.04,0.32,0.04,0,0.185864,0.157068,0.301047,0.054974,0.068063,0.188482,0.02356,0.020942,0.08,0.24,0.28,0.08,0.04,0.24,0.04,0,1
sp|Q9NY26|S39A1_HUMAN,0.24,0.04,0.04,0.08,0.24,0.28,0.08,0,0.178832,0.127737,0.131387,0.091241,0.051095,0.375912,0.014599,0.029197,0.12,0.16,0.04,0.08,0,0.6,0,0,1
sp|Q9UJ71|CLC4K_HUMAN,0.2,0.2,0.24,0,0.08,0.24,0.04,0,0.118705,0.169065,0.248201,0.064748,0.046763,0.28777,0.053957,0.010791,0.12,0.16,0.2,0,0.16,0.2,0.08,0.08,1
sp|Q9Y6Y9|LY96_HUMAN,0.08,0.12,0.2,0,0.04,0.44,0.08,0.04,0.045455,0.190909,0.272727,0.045455,0.036364,0.290909,0.072727,0.045455,0.2,0.08,0.2,0.04,0.08,0.36,0,0.04,1
sp|A2A5Z6|SMUF2_MOUSE,0.04,0.2,0.2,0.12,0.08,0.32,0,0.04,0.088825,0.223496,0.227794,0.067335,0.054441,0.265043,0.051576,0.02149,0.32,0.08,0.12,0.04,0.04,0.24,0.12,0.04,1
sp|A2AHC3|CAMP1_MOUSE,0.32,0.12,0.08,0.16,0.08,0.16,0.04,0.04,0.15676,0.218811,0.2371,0.048988,0.073155,0.224037,0.025474,0.015676,0.04,0.4,0.24,0,0.12,0.16,0.04,0,1
sp|A2RSY1|KANL3_MOUSE,0.12,0.28,0.2,0.12,0,0.28,0,0,0.128957,0.17585,0.263775,0.069168,0.077374,0.257913,0.014068,0.012896,0.16,0.12,0.32,0.04,0.24,0.12,0,0,1
sp|P04919|B3AT_MOUSE,0.28,0.12,0.24,0.04,0.04,0.28,0,0,0.120592,0.138794,0.174061,0.073948,0.069397,0.376564,0.039818,0.006826,0.2,0.04,0.32,0.08,0.08,0.24,0.04,0,1
sp|P43274|H14_MOUSE,0.4,0.2,0.12,0,0.2,0.08,0,0,0.266272,0.295858,0.171598,0.088757,0.059172,0.112426,0.005917,0,0.24,0.48,0.12,0,0.16,0,0,0,1
sp|P47873|IL11_MOUSE,0.04,0.08,0.12,0.04,0.16,0.44,0.04,0.08,0.147651,0.187919,0.201342,0.067114,0.087248,0.288591,0.020134,0,0.08,0.2,0.12,0.12,0,0.44,0.04,0,1
sp|P58735|S26A1_MOUSE,0.08,0.28,0.16,0.08,0.16,0.24,0,0,0.12844,0.140673,0.191131,0.076453,0.042813,0.360856,0.03211,0.027523,0.4,0.12,0.16,0,0.04,0.24,0,0.04,1
sp|P60330|ESPL1_MOUSE,0.12,0.2,0.24,0.04,0.04,0.32,0,0.04,0.166828,0.186654,0.194874,0.054159,0.055609,0.277079,0.032398,0.032398,0.16,0.16,0.08,0.08,0.16,0.28,0.08,0,1
sp|P70279|SURF6_MOUSE,0.2,0.2,0.16,0.04,0.08,0.24,0.04,0.04,0.193443,0.4,0.147541,0.045902,0.036066,0.157377,0.016393,0.003279,0.2,0.4,0.08,0.08,0.04,0.2,0,0,1
sp|Q14AT5|ANO7_MOUSE,0.24,0.12,0.2,0.12,0.04,0.28,0,0,0.148331,0.153276,0.176761,0.051916,0.051916,0.327565,0.066749,0.023486,0.2,0.08,0.24,0.12,0.16,0.2,0,0,1
sp|Q5ISE2|Z36L3_MOUSE,0.08,0.04,0.6,0.04,0.08,0.16,0,0,0.260741,0.112593,0.22963,0.084444,0.100741,0.186667,0.011852,0.013333,0.12,0.16,0.48,0,0.04,0.2,0,0,1
sp|Q61545|EWS_MOUSE,0.24,0.16,0.32,0.04,0.04,0.04,0.16,0,0.071074,0.183471,0.236364,0.204959,0.119008,0.110744,0.066116,0.008264,0.08,0.44,0.08,0.24,0.08,0.04,0.04,0,1
sp|Q62193|RFA2_MOUSE,0.04,0.08,0.36,0.24,0.04,0.12,0.12,0,0.122727,0.181818,0.25,0.045455,0.077273,0.3,0.013636,0.009091,0.12,0.12,0.4,0.04,0,0.24,0.04,0.04,1
sp|Q62376|RU17_MOUSE,0.08,0.08,0.12,0,0.28,0.4,0.04,0,0.158291,0.324121,0.19598,0.133166,0.057789,0.100503,0.027638,0.002513,0.36,0,0.08,0.16,0.08,0.2,0.12,0,1
sp|Q67BT3|S13A5_MOUSE,0.08,0.12,0.24,0,0.04,0.48,0,0.04,0.128352,0.116858,0.183908,0.047893,0.055556,0.390805,0.047893,0.028736,0.08,0.04,0.48,0.04,0.04,0.24,0.08,0,1
sp|Q6A028|SWP70_MOUSE,0.16,0.2,0.2,0.08,0,0.32,0.04,0,0.186916,0.26729,0.166355,0.031776,0.026168,0.269159,0.039252,0.013084,0.36,0.24,0.16,0.04,0.04,0.08,0.08,0,1
sp|Q6NVG1|LPCT4_MOUSE,0.12,0.04,0.36,0.12,0.2,0.12,0.04,0,0.14135,0.177215,0.151899,0.06962,0.07173,0.337553,0.031646,0.018987,0.16,0.16,0.36,0.08,0.16,0.08,0,0,1
sp|Q6Q473|CLA4A_MOUSE,0.04,0.04,0.2,0.08,0.04,0.52,0.08,0,0.143021,0.143021,0.295195,0.058352,0.052632,0.251716,0.043478,0.012586,0.08,0.16,0.28,0.04,0,0.36,0,0.08,1
sp|Q78KK3|S22AI_MOUSE,0.2,0.08,0.08,0.04,0.04,0.48,0.04,0.04,0.109551,0.095506,0.185393,0.098315,0.053371,0.418539,0.019663,0.019663,0.08,0.28,0.08,0.04,0.04,0.44,0.04,0,1
sp|Q7TPS5|C2CD5_MOUSE,0.08,0.24,0.16,0.08,0.08,0.36,0,0,0.142857,0.154244,0.23913,0.061077,0.060041,0.286749,0.030021,0.02588,0.16,0.12,0.36,0.04,0.08,0.16,0,0.08,1
sp|Q8BIF2|RFOX3_MOUSE,0.2,0.12,0.04,0.04,0.4,0.08,0.12,0,0.16358,0.166667,0.197531,0.080247,0.132716,0.185185,0.067901,0.006173,0.08,0.08,0.28,0.16,0.08,0.16,0.12,0.04,1
sp|Q8BL66|EEA1_MOUSE,0.04,0.24,0.32,0.12,0.04,0.24,0,0,0.223365,0.307862,0.193975,0.028655,0.002939,0.221161,0.008817,0.013226,0.08,0.2,0.32,0.04,0.08,0.2,0,0.08,1
sp|Q8C0L6|PAOX_MOUSE,0.16,0.12,0.04,0.2,0.08,0.36,0,0.04,0.165198,0.14978,0.211454,0.079295,0.055066,0.290749,0.03304,0.015419,0.12,0.24,0.24,0.04,0.04,0.24,0.08,0,1
sp|Q8JZQ9|EIF3B_MOUSE,0.48,0.2,0.08,0,0.12,0.12,0,0,0.152722,0.195219,0.227092,0.062417,0.055777,0.244356,0.053121,0.009296,0.28,0.04,0.24,0.04,0.04,0.32,0.04,0,1
sp|Q8JZX4|SPF45_MOUSE,0.08,0.12,0.4,0.08,0,0.24,0.08,0,0.185915,0.228169,0.2,0.073239,0.073239,0.208451,0.022535,0.008451,0.12,0.2,0.12,0.08,0,0.4,0.04,0.04,1
sp|Q8K273|MMGT1_MOUSE,0.28,0.08,0.08,0.12,0.04,0.36,0.04,0,0.123457,0.197531,0.246914,0.037037,0.037037,0.308642,0.037037,0.012346,0.04,0.2,0.52,0,0,0.24,0,0,1
sp|Q91Z92|B3GT6_MOUSE,0.12,0.24,0.08,0.16,0,0.32,0.04,0.04,0.196364,0.2,0.156364,0.072727,0.043636,0.247273,0.069091,0.014545,0.08,0.24,0.16,0.04,0.12,0.16,0.12,0.08,1
sp|Q920F6|SMC1B_MOUSE,0.08,0.24,0.08,0.12,0.04,0.4,0.04,0,0.171953,0.253756,0.192821,0.039232,0.018364,0.279633,0.025876,0.018364,0.04,0.4,0.24,0.04,0.16,0.12,0,0,1
sp|Q9CZA6|NDE1_MOUSE,0.28,0.08,0.32,0.04,0,0.16,0.12,0,0.183673,0.241497,0.241497,0.068027,0.040816,0.207483,0.013605,0.003401,0.24,0.12,0.12,0.08,0.16,0.28,0,0,1
sp|Q9D7P7|CLIC3_MOUSE,0.2,0.16,0.24,0.08,0.04,0.24,0,0.04,0.117647,0.192513,0.219251,0.032086,0.074866,0.315508,0.026738,0.02139,0.24,0.28,0.08,0,0.12,0.16,0.08,0.04,1
sp|Q9EPL0|XYLT2_MOUSE,0.24,0.24,0.08,0,0,0.4,0.04,0,0.141104,0.185276,0.195092,0.07362,0.07362,0.257669,0.056442,0.017178,0.08,0.16,0.32,0.08,0.12,0.2,0.04,0,1
sp|Q9EQ32|BCAP_MOUSE,0.2,0.08,0.16,0.12,0.04,0.2,0.12,0.08,0.149803,0.170828,0.237845,0.053876,0.078844,0.2523,0.038108,0.018397,0.12,0.28,0.12,0.04,0.32,0.12,0,0,1
sp|Q9ESD7|DYSF_MOUSE,0.12,0.08,0.32,0,0.04,0.36,0.04,0.04,0.132353,0.179412,0.202451,0.061765,0.076471,0.277941,0.05049,0.019118,0.12,0.12,0.04,0.04,0.08,0.52,0.08,0,1
sp|Q9JLJ4|ELOV2_MOUSE,0.16,0.16,0.28,0.04,0.04,0.32,0,0,0.053719,0.14876,0.190083,0.049587,0.033058,0.392562,0.11157,0.020661,0.2,0.28,0.16,0.08,0.04,0.24,0,0,1
sp|Q9QXW9|LAT2_MOUSE,0.24,0.24,0.32,0.08,0.08,0.04,0,0,0.116424,0.087318,0.16632,0.091476,0.051975,0.403326,0.060291,0.022869,0.16,0.24,0.24,0,0.2,0.16,0,0,1
sp|Q9R0Y1|ASIC5_MOUSE,0.16,0.36,0.12,0.08,0,0.24,0.04,0,0.098876,0.166292,0.240449,0.058427,0.047191,0.305618,0.049438,0.033708,0.08,0.16,0.12,0,0.08,0.48,0.08,0,1
sp|Q9WV06|ANKR2_MOUSE,0.44,0.2,0.08,0.04,0.04,0.2,0,0,0.172662,0.23741,0.179856,0.068345,0.035971,0.280576,0.014388,0.010791,0.24,0.2,0.16,0.12,0.2,0.08,0,0,1
sp|Q9Z0F3|B2L10_MOUSE,0.12,0.24,0.24,0,0.04,0.28,0.04,0.04,0.113475,0.205674,0.184397,0.06383,0.056738,0.319149,0.028369,0.028369,0.12,0.2,0.08,0.04,0,0.48,0.08,0,1
sp|Q9Z2E2|MBD1_MOUSE,0.16,0.24,0.16,0.12,0.08,0.12,0.08,0.04,0.146758,0.228669,0.203072,0.071672,0.080205,0.177474,0.030717,0.061433,0.24,0.24,0.08,0,0.04,0.36,0.04,0,1
sp|P00724|INV2_YEAST,0.24,0.08,0.2,0.04,0,0.44,0,0,0.118257,0.116183,0.313278,0.058091,0.053942,0.240664,0.095436,0.004149,0.04,0.16,0.28,0.08,0,0.4,0.04,0,1
sp|P06103|EIF3B_YEAST,0.04,0.16,0.28,0,0.04,0.4,0.08,0,0.130435,0.179523,0.253857,0.040673,0.051893,0.281907,0.053296,0.008415,0.36,0.08,0.28,0,0,0.28,0,0,1
sp|P11655|SEC12_YEAST,0.12,0.08,0.28,0.08,0.04,0.28,0.12,0,0.102138,0.159145,0.320665,0.057007,0.021378,0.304038,0.028504,0.007126,0.28,0.04,0.36,0.08,0,0.24,0,0,1
sp|P11709|BIK1_YEAST,0,0.32,0.08,0.12,0.04,0.32,0.08,0.04,0.161538,0.264103,0.248718,0.030769,0.041026,0.230769,0.023077,0,0.12,0.24,0.28,0.04,0.08,0.12,0,0.12,1
sp|P15380|PUT4_YEAST,0.08,0.16,0.32,0.04,0.04,0.32,0,0.04,0.110919,0.112652,0.218371,0.097054,0.039861,0.325823,0.069324,0.025997,0.2,0.2,0.16,0.04,0.08,0.32,0,0,1
sp|P19807|HNM1_YEAST,0.08,0.2,0.4,0.08,0.04,0.16,0.04,0,0.116959,0.097466,0.212476,0.077973,0.038986,0.362573,0.062378,0.031189,0.28,0.16,0.24,0.04,0.04,0.2,0.04,0,1
sp|P23585|HXT2_YEAST,0.12,0.2,0.36,0.04,0.04,0.24,0,0,0.105906,0.10387,0.201629,0.101833,0.03055,0.370672,0.063136,0.022403,0.2,0.2,0.16,0.08,0.04,0.2,0.12,0,1
sp|P25043|PSB2_YEAST,0.16,0.2,0.32,0.04,0.04,0.2,0.04,0,0.146919,0.170616,0.236967,0.090047,0.028436,0.260664,0.052133,0.014218,0.2,0.12,0.28,0.04,0,0.32,0,0.04,1
sp|P25046|MED19_YEAST,0.12,0.04,0.36,0,0.08,0.16,0.24,0,0.082353,0.235294,0.294118,0.076471,0.058824,0.217647,0.029412,0.005882,0.12,0.28,0.4,0.04,0.04,0.12,0,0,1
sp|P25336|MSH3_YEAST,0.16,0.36,0.16,0.04,0.04,0.24,0,0,0.115702,0.186983,0.259298,0.039256,0.032025,0.316116,0.039256,0.011364,0.08,0.24,0.32,0,0,0.36,0,0,1
sp|P25582|SPB1_YEAST,0.08,0.36,0.16,0.12,0,0.12,0.16,0,0.164349,0.225032,0.243995,0.049305,0.031606,0.25158,0.026549,0.007585,0.12,0.52,0.08,0.04,0,0.24,0,0,1
sp|P31381|FUN26_YEAST,0.2,0.08,0.36,0,0.12,0.24,0,0,0.111349,0.119914,0.252677,0.057816,0.027837,0.374732,0.047109,0.008565,0.04,0.04,0.2,0.08,0,0.6,0.04,0,1
sp|P31755|OCH1_YEAST,0.04,0.24,0.24,0,0,0.44,0.04,0,0.074419,0.174419,0.304651,0.034884,0.069767,0.276744,0.062791,0.002326,0.16,0.28,0.24,0.08,0,0.2,0.04,0,1
sp|P32332|OAC1_YEAST,0.12,0.32,0.36,0.04,0,0.16,0,0,0.120438,0.160584,0.182482,0.109489,0.040146,0.335766,0.043796,0.007299,0.08,0.16,0.2,0.04,0,0.44,0.04,0.04,1
sp|P32368|SAC1_YEAST,0.12,0.12,0.2,0.16,0.04,0.32,0.04,0,0.118674,0.181501,0.244328,0.055846,0.033159,0.30192,0.057592,0.006981,0.08,0.4,0.16,0.04,0.12,0.16,0.04,0,1
sp|P32585|MED18_YEAST,0,0.08,0.36,0.12,0,0.4,0.04,0,0.097276,0.132296,0.33463,0.042802,0.050584,0.291829,0.042802,0.007782,0.08,0.2,0.24,0.08,0.04,0.32,0.04,0,1
sp|P32623|CRH2_YEAST,0.16,0.04,0.2,0,0,0.52,0.04,0.04,0.103118,0.100719,0.429257,0.067146,0.031175,0.167866,0.076739,0.023981,0.16,0.04,0.2,0.12,0,0.36,0.08,0.04,1
sp|P32629|ANP1_YEAST,0.04,0.12,0.36,0.04,0.04,0.36,0.04,0,0.108889,0.211111,0.233333,0.064444,0.048889,0.268889,0.062222,0.002222,0.04,0.28,0.36,0,0.16,0.16,0,0,1
sp|P32901|PTR2_YEAST,0.16,0.2,0.28,0.08,0.08,0.2,0,0,0.127042,0.116152,0.205082,0.061706,0.052632,0.341198,0.07441,0.021779,0.2,0.12,0.28,0,0.12,0.24,0.04,0,1
sp|P33334|PRP8_YEAST,0.12,0,0.16,0.08,0.44,0.2,0,0,0.126957,0.187897,0.234025,0.041473,0.055015,0.288616,0.061786,0.004232,0.28,0.12,0.16,0.04,0.04,0.36,0,0,1
sp|P36062|AVT3_YEAST,0.04,0.2,0.48,0.2,0,0.08,0,0,0.126168,0.130841,0.249221,0.068536,0.056075,0.311526,0.043614,0.014019,0.08,0.12,0.2,0.04,0,0.44,0.12,0,1
sp|P36160|RPF2_YEAST,0.24,0.36,0.08,0,0.04,0.28,0,0,0.085034,0.227891,0.231293,0.068027,0.044218,0.312925,0.02381,0.006803,0.28,0.24,0.24,0.04,0.04,0.12,0.04,0,1
sp|P38624|PSB1_YEAST,0.08,0.16,0.24,0.12,0,0.4,0,0,0.133333,0.151515,0.284848,0.09697,0.018182,0.218182,0.072727,0.024242,0.2,0.12,0.08,0.04,0.04,0.44,0.08,0,1
sp|P40074|AVT6_YEAST,0.16,0.08,0.16,0.12,0.04,0.4,0,0.04,0.120603,0.123116,0.193467,0.050251,0.050251,0.40201,0.040201,0.020101,0.08,0.04,0.16,0.08,0,0.52,0.08,0.04,1
sp|P42839|VNX1_YEAST,0.16,0.2,0.36,0.08,0,0.2,0,0,0.109557,0.157343,0.245921,0.043124,0.048951,0.317016,0.059441,0.018648,0.08,0.08,0.08,0.12,0,0.56,0.08,0,1
sp|P47176|BCA2_YEAST,0.12,0.24,0.32,0,0.12,0.2,0,0,0.147239,0.147239,0.202454,0.092025,0.064417,0.273006,0.055215,0.018405,0.12,0.16,0.28,0.12,0,0.2,0.12,0,1
sp|P53769|CWC24_YEAST,0.04,0.44,0.28,0,0,0.24,0,0,0.110048,0.22488,0.296651,0.057416,0.023923,0.205742,0.038278,0.043062,0.12,0.36,0.24,0.04,0,0.2,0,0.04,1
sp|Q02486|ABF2_YEAST,0.08,0.12,0.4,0,0.04,0.32,0.04,0,0.150376,0.300752,0.172932,0.030075,0.067669,0.218045,0.06015,0,0.16,0.32,0.16,0,0.04,0.16,0.16,0,1
sp|Q04067|EIF3G_YEAST,0.28,0.08,0.24,0.04,0.04,0.28,0.04,0,0.205357,0.205357,0.209821,0.075893,0.049107,0.209821,0.026786,0.017857,0.08,0.24,0.12,0.08,0.04,0.36,0.08,0,1
sp|Q05998|THI7_YEAST,0.12,0.2,0.24,0.04,0.04,0.36,0,0,0.100365,0.091241,0.239051,0.089416,0.034672,0.326642,0.094891,0.023723,0.28,0.24,0.36,0,0,0.12,0,0,1
sp|Q06106|MRD1_YEAST,0.04,0.24,0.24,0.04,0.04,0.36,0.04,0,0.175627,0.228196,0.246117,0.04779,0.029869,0.252091,0.019116,0.001195,0.24,0.16,0.24,0.16,0,0.2,0,0,1
sp|Q07824|TPO1_YEAST,0.04,0.16,0.56,0,0.08,0.16,0,0,0.149254,0.095149,0.166045,0.087687,0.054104,0.365672,0.059701,0.022388,0.16,0.2,0.08,0.04,0.08,0.32,0.12,0,1
sp|Q00539|NAM8_YEAST,0,0.16,0.44,0.04,0.08,0.12,0.16,0,0.080338,0.147992,0.338266,0.082452,0.042283,0.2537,0.042283,0.012685,0.2,0.08,0.32,0.08,0,0.32,0,0,1
sp|P30041|PRDX6_HUMAN,0.12,0.08,0.2,0.16,0.08,0.36,0,0,0.16092,0.149425,0.218391,0.045977,0.074713,0.310345,0.028736,0.011494,0.04,0.28,0.12,0.08,0.16,0.24,0.08,0,0
sp|P06733|ENOA_HUMAN,0.12,0.16,0.24,0.04,0.04,0.4,0,0,0.164062,0.161458,0.221354,0.091146,0.036458,0.273438,0.036458,0.015625,0.24,0.24,0.12,0.08,0.04,0.28,0,0,0
sp|P13716|HEM2_HUMAN,0.08,0.24,0.24,0.04,0.08,0.24,0.08,0,0.189286,0.153571,0.157143,0.075,0.067857,0.292857,0.035714,0.028571,0.2,0.2,0.12,0.04,0.04,0.28,0.12,0,0
sp|P09960|LKHA4_HUMAN,0.12,0.2,0.24,0,0.08,0.28,0,0.08,0.130125,0.165775,0.229947,0.051693,0.057041,0.28877,0.060606,0.016043,0.12,0.28,0.2,0.04,0.04,0.28,0.04,0,0
sp|O60568|PLOD3_HUMAN,0.12,0.04,0.2,0.08,0.2,0.36,0,0,0.116279,0.18314,0.199128,0.077035,0.0625,0.280523,0.06686,0.014535,0.04,0.16,0.24,0.08,0.08,0.28,0.12,0,0
sp|P00558|PGK1_HUMAN,0,0.24,0.28,0.04,0,0.44,0,0,0.174387,0.155313,0.201635,0.092643,0.043597,0.291553,0.021798,0.019074,0.16,0.04,0.24,0.2,0.04,0.32,0,0,0
sp|P19971|TYPH_HUMAN,0.2,0.04,0.2,0.24,0.16,0.16,0,0,0.19213,0.168981,0.145833,0.118056,0.05787,0.289352,0.011574,0.016204,0.24,0.12,0.12,0,0.2,0.32,0,0,0
sp|P47992|XCL1_HUMAN,0.16,0.04,0.12,0.12,0,0.48,0.04,0.04,0.0625,0.234375,0.296875,0.03125,0.03125,0.28125,0.03125,0.03125,0.04,0.2,0.48,0.08,0.04,0.16,0,0,0
sp|P15336|ATF2_HUMAN,0.04,0.28,0.28,0,0.04,0.28,0.08,0,0.142857,0.2,0.279121,0.035165,0.103297,0.224176,0.004396,0.010989,0.16,0.16,0.36,0.04,0.12,0.16,0,0,0
sp|P32856|STX2_HUMAN,0.08,0.2,0.32,0.04,0.04,0.28,0,0.04,0.184874,0.247899,0.247899,0.02521,0.012605,0.264706,0.016807,0,0.12,0.08,0.08,0.08,0,0.6,0.04,0,0
sp|P27797|CALR_HUMAN,0.2,0.04,0.04,0.08,0.08,0.52,0.04,0,0.144414,0.185286,0.269755,0.065395,0.065395,0.196185,0.065395,0.008174,0.48,0.12,0.24,0.04,0.04,0.08,0,0,0
sp|P28482|MK01_HUMAN,0.32,0.12,0.04,0.16,0.08,0.24,0.04,0,0.106452,0.187097,0.219355,0.03871,0.051613,0.309677,0.064516,0.022581,0.2,0.24,0.16,0.04,0.08,0.24,0.04,0,0
sp|P40429|RL13A_HUMAN,0.2,0.2,0.04,0.12,0,0.44,0,0,0.104575,0.320261,0.111111,0.058824,0.058824,0.281046,0.058824,0.006536,0.16,0.32,0.16,0.04,0,0.28,0.04,0,0
sp|P07814|SYEP_HUMAN,0.16,0.08,0.24,0.08,0.08,0.36,0,0,0.160739,0.202462,0.20725,0.056088,0.052668,0.253762,0.049248,0.017784,0.12,0.2,0.12,0.12,0.08,0.16,0.12,0.08,0
sp|P62277|RS13_HUMAN,0.08,0.24,0.16,0.12,0.12,0.2,0.08,0,0.108911,0.29703,0.168317,0.049505,0.029703,0.326733,0.019802,0,0.16,0.2,0.24,0,0.08,0.16,0.16,0,0
sp|P62913|RL11_HUMAN,0.16,0.28,0.12,0.04,0.04,0.28,0,0.08,0.132812,0.210938,0.179688,0.125,0.023438,0.273438,0.039062,0.015625,0.12,0.36,0.08,0.08,0.04,0.24,0.08,0,0
sp|P46777|RL5_HUMAN,0.08,0.44,0.04,0.04,0,0.32,0.08,0,0.153846,0.218623,0.186235,0.072874,0.036437,0.234818,0.080972,0.016194,0.32,0.4,0.12,0,0,0.16,0,0,0
sp|P62081|RS7_HUMAN,0.16,0.16,0.28,0.08,0.08,0.24,0,0,0.131944,0.305556,0.152778,0.041667,0.041667,0.326389,0,0,0.12,0.16,0.2,0.08,0.04,0.36,0.04,0,0
sp|P61254|RL26_HUMAN,0.04,0.32,0.32,0,0.08,0.24,0,0,0.063158,0.357895,0.147368,0.052632,0.031579,0.294737,0.052632,0,0.24,0.44,0.08,0.08,0,0.12,0.04,0,0
sp|P19338|NUCL_HUMAN,0.2,0.28,0.08,0.08,0.16,0.2,0,0,0.256061,0.174242,0.248485,0.1,0.039394,0.165152,0.015152,0.001515,0.04,0.36,0.08,0.4,0.04,0.08,0,0,0
sp|P62829|RL23_HUMAN,0.08,0.2,0.16,0.24,0.04,0.28,0,0,0.111111,0.233333,0.177778,0.111111,0.033333,0.288889,0.033333,0.011111,0.28,0.08,0.2,0.08,0.08,0.2,0.04,0.04,0
sp|Q9H211|CDT1_HUMAN,0.12,0.32,0.08,0.04,0.2,0.24,0,0,0.197581,0.22379,0.173387,0.038306,0.108871,0.219758,0.018145,0.020161,0.32,0.28,0.16,0.04,0,0.2,0,0,0
sp|P00374|DYR_HUMAN,0.04,0.08,0.24,0.16,0.04,0.36,0.04,0.04,0.116788,0.20438,0.20438,0.051095,0.072993,0.313869,0.036496,0,0.16,0.2,0.16,0.08,0.04,0.24,0.12,0,0
sp|P34896|GLYC_HUMAN,0.12,0.2,0.28,0.04,0.08,0.24,0.04,0,0.147806,0.184758,0.203233,0.090069,0.039261,0.265589,0.046189,0.023095,0.28,0.08,0.12,0.04,0.12,0.36,0,0,0
sp|Q9NQX3|GEPH_HUMAN,0.08,0.16,0.32,0.08,0,0.36,0,0,0.138484,0.155977,0.233236,0.074344,0.080175,0.285714,0.014577,0.017493,0.12,0.2,0.08,0.08,0.08,0.4,0.04,0,0
sp|P21399|ACOC_HUMAN,0.12,0.16,0.2,0.04,0.16,0.32,0,0,0.127533,0.164482,0.206198,0.081049,0.061979,0.305125,0.042908,0.010727,0.08,0.12,0.24,0.08,0,0.4,0.08,0,0
sp|Q9P2J5|SYLC_HUMAN,0.2,0.36,0.12,0.04,0,0.24,0.04,0,0.137655,0.190053,0.198046,0.060391,0.053286,0.287744,0.054174,0.01865,0.04,0.2,0.24,0.08,0,0.4,0.04,0,0
sp|P47897|SYQ_HUMAN,0.2,0.16,0.28,0.04,0,0.32,0,0,0.162759,0.191724,0.17931,0.057931,0.056552,0.281379,0.048276,0.022069,0.04,0.24,0.28,0.08,0.08,0.28,0,0,0
sp|P23381|SYWC_HUMAN,0.2,0.08,0.28,0.04,0.08,0.32,0,0,0.118765,0.185273,0.247031,0.059382,0.052257,0.280285,0.042755,0.014252,0.16,0.28,0.2,0,0.04,0.32,0,0,0
sp|Q8N3Y7|RDHE2_HUMAN,0.08,0.16,0.24,0.04,0,0.48,0,0,0.150579,0.150579,0.162162,0.081081,0.03861,0.343629,0.03861,0.034749,0.08,0.2,0.16,0.12,0,0.4,0.04,0,0
sp|P02730|B3AT_HUMAN,0.36,0.08,0.24,0,0.04,0.2,0.08,0,0.127758,0.149826,0.167247,0.070848,0.062718,0.379791,0.036005,0.005807,0.36,0.08,0.28,0.04,0.04,0.16,0.04,0,0
sp|Q9Y3E5|PTH2_HUMAN,0.16,0.08,0.16,0.08,0.08,0.36,0.04,0.04,0.147287,0.209302,0.178295,0.085271,0.03876,0.271318,0.03876,0.031008,0.04,0.16,0.2,0.16,0.08,0.32,0.04,0,0
sp|P13569|CFTR_HUMAN,0.08,0.24,0.2,0,0.08,0.36,0.04,0,0.116783,0.174126,0.215385,0.058741,0.029371,0.35035,0.043357,0.011888,0.28,0.28,0.2,0,0.04,0.16,0,0.04,0
sp|P08183|MDR1_HUMAN,0.12,0.28,0.28,0.12,0,0.2,0,0,0.152033,0.165854,0.207317,0.076423,0.023577,0.33252,0.036585,0.005691,0.08,0.36,0.16,0.08,0,0.28,0.04,0,0
sp|P62263|RS14_HUMAN,0.28,0.28,0.04,0.12,0.08,0.2,0,0,0.158416,0.19802,0.217822,0.09901,0.029703,0.257426,0.009901,0.029703,0.04,0.32,0.24,0.16,0.08,0.16,0,0,0
sp|Q7L0Y3|TM10C_HUMAN,0.08,0.12,0.2,0,0.08,0.52,0,0,0.144476,0.223796,0.220963,0.028329,0.036827,0.274788,0.056657,0.014164,0.12,0.4,0.2,0.04,0,0.24,0,0,0
sp|P49407|ARRB1_HUMAN,0.04,0.28,0.2,0.16,0.04,0.24,0.04,0,0.144022,0.173913,0.222826,0.043478,0.076087,0.288043,0.032609,0.019022,0.16,0.28,0.28,0.12,0.04,0.12,0,0,0
sp|Q13492|PICAL_HUMAN,0.12,0.2,0.4,0.08,0,0.2,0,0,0.121262,0.152824,0.295681,0.05814,0.059801,0.27907,0.028239,0.004983,0.04,0.16,0.12,0.08,0.2,0.36,0.04,0,0
sp|P27487|DPP4_HUMAN,0.12,0.08,0.12,0.08,0.08,0.48,0.04,0,0.104749,0.153631,0.26676,0.057263,0.036313,0.261173,0.104749,0.015363,0.08,0.28,0.24,0,0.04,0.28,0.04,0.04,0
sp|Q14152|EIF3A_HUMAN,0.24,0.28,0.08,0.04,0.08,0.24,0.04,0,0.177177,0.291291,0.206456,0.03979,0.04955,0.193694,0.036787,0.005255,0.2,0.28,0.36,0.04,0,0.08,0.04,0,0
sp|Q04637|IF4G1_HUMAN,0.12,0.12,0.16,0.08,0.4,0.12,0,0,0.190445,0.186572,0.198838,0.067786,0.098128,0.224661,0.025178,0.008393,0.28,0.2,0.2,0.04,0,0.24,0.04,0,0
sp|O15371|EIF3D_HUMAN,0.12,0.12,0.16,0.08,0.16,0.28,0.04,0.04,0.11245,0.23494,0.246988,0.046185,0.034137,0.24498,0.060241,0.02008,0.64,0,0.28,0.04,0,0.04,0,0,0
sp|O75821|EIF3G_HUMAN,0.2,0.12,0.32,0.08,0.08,0.12,0.04,0.04,0.140741,0.207407,0.255556,0.07037,0.074074,0.214815,0.022222,0.014815,0.16,0.08,0.24,0.12,0.04,0.28,0.08,0,0
sp|P13639|EF2_HUMAN,0.08,0.2,0.28,0,0,0.44,0,0,0.14604,0.17698,0.189356,0.079208,0.055693,0.29703,0.034653,0.02104,0.16,0.24,0.16,0.08,0.04,0.32,0,0,0
sp|Q13825|AUHM_HUMAN,0.44,0.08,0.04,0.16,0.04,0.24,0,0,0.204152,0.16263,0.148789,0.103806,0.048443,0.290657,0.024221,0.017301,0.16,0.28,0.12,0.08,0.12,0.2,0.04,0,0
sp|P42566|EPS15_HUMAN,0.2,0.2,0.2,0.04,0.04,0.2,0.12,0,0.158392,0.156028,0.287234,0.043735,0.074468,0.251773,0.015366,0.013002,0.36,0.2,0.2,0,0,0.24,0,0,0
sp|P09467|F16P1_HUMAN,0.2,0.16,0.28,0.04,0.04,0.28,0,0,0.131944,0.149306,0.21875,0.086806,0.045139,0.295139,0.048611,0.024306,0.16,0.2,0.16,0.04,0.08,0.32,0.04,0,0
sp|P21266|GSTM3_HUMAN,0.12,0.12,0.16,0.08,0,0.4,0.08,0.04,0.137143,0.194286,0.211429,0.034286,0.04,0.297143,0.057143,0.028571,0.04,0.24,0.2,0.04,0.08,0.24,0.08,0.08,0
sp|P41250|GARS_HUMAN,0.12,0.16,0.04,0.04,0.2,0.44,0,0,0.152395,0.193033,0.20029,0.059507,0.047896,0.29463,0.033382,0.018868,0.32,0.16,0.16,0.08,0.04,0.16,0.08,0,0
sp|P55084|ECHB_HUMAN,0.08,0.16,0.24,0,0.12,0.32,0.08,0,0.160377,0.169811,0.224057,0.070755,0.049528,0.290094,0.025943,0.009434,0.28,0.16,0,0.2,0.04,0.2,0.08,0.04,0
sp|Q9H8X2|IPPK_HUMAN,0.24,0.16,0.16,0.16,0,0.2,0.08,0,0.106576,0.217687,0.190476,0.054422,0.061224,0.285714,0.047619,0.036281,0.16,0.24,0.28,0,0,0.28,0,0.04,0
sp|Q5BJF6|ODFP2_HUMAN,0.04,0.12,0.4,0.16,0.08,0.16,0,0.04,0.204108,0.283697,0.200257,0.02439,0.015404,0.237484,0.017972,0.016688,0.08,0.08,0.36,0.08,0.16,0.2,0.04,0,0
sp|Q9H307|PININ_HUMAN,0.28,0.24,0.2,0,0,0.28,0,0,0.191904,0.274363,0.251874,0.050975,0.049475,0.173913,0.004498,0.002999,0.08,0.48,0.4,0.04,0,0,0,0,0
sp|P14618|KPYM_HUMAN,0.24,0.24,0.24,0.04,0.04,0.2,0,0,0.176715,0.180873,0.189189,0.076923,0.04158,0.29106,0.022869,0.02079,0,0.08,0.24,0.12,0.12,0.4,0.04,0,0
sp|P26639|SYTC_HUMAN,0.32,0.12,0.12,0.2,0.08,0.16,0,0,0.141159,0.205052,0.188707,0.069837,0.043091,0.270431,0.057949,0.023774,0.28,0.32,0.16,0,0,0.24,0,0,0
sp|P60174|TPIS_HUMAN,0.32,0.16,0.08,0.08,0.04,0.24,0.08,0,0.186441,0.177966,0.194915,0.097458,0.033898,0.25,0.038136,0.021186,0.12,0.12,0.2,0.12,0.08,0.36,0,0,0
sp|P45880|VDAC2_HUMAN,0.2,0.16,0.16,0.08,0.12,0.16,0.04,0.08,0.090164,0.143443,0.319672,0.114754,0.016393,0.233607,0.053279,0.028689,0.24,0.12,0.16,0.16,0,0.32,0,0,0
sp|Q9CW03|SMC3_MOUSE,0,0.24,0.24,0.04,0.04,0.36,0.08,0,0.181662,0.260497,0.205656,0.044559,0.016281,0.257926,0.027421,0.005998,0.16,0.16,0.36,0.04,0,0.28,0,0,0
sp|P06745|G6PI_MOUSE,0.2,0.28,0.2,0,0.04,0.24,0.04,0,0.137795,0.183071,0.206693,0.076772,0.045276,0.295276,0.047244,0.007874,0.08,0.24,0.4,0.04,0,0.24,0,0,0
sp|P43274|H14_MOUSE,0.4,0.2,0.12,0,0.2,0.08,0,0,0.266272,0.295858,0.171598,0.088757,0.059172,0.112426,0.005917,0,0.24,0.48,0.12,0,0.16,0,0,0,0
sp|P35846|FOLR1_MOUSE,0.2,0.16,0.12,0,0,0.44,0.04,0.04,0.121951,0.2,0.258537,0.043902,0.053659,0.156098,0.087805,0.078049,0.04,0.04,0.2,0.12,0.04,0.44,0.08,0.04,0
sp|P31230|AIMP1_MOUSE,0.28,0.2,0.16,0.04,0,0.28,0.04,0,0.203846,0.226923,0.188462,0.038462,0.061538,0.253846,0.007692,0.019231,0.16,0.24,0.12,0.16,0.04,0.2,0.04,0.04,0
sp|Q8R010|AIMP2_MOUSE,0.08,0.16,0.08,0.08,0.16,0.28,0.12,0.04,0.12963,0.177778,0.259259,0.055556,0.044444,0.292593,0.02963,0.011111,0.12,0.2,0.24,0,0.08,0.28,0.04,0.04,0
sp|Q9D1M4|MCA3_MOUSE,0.28,0.2,0.12,0.08,0.04,0.24,0.04,0,0.120968,0.209677,0.225806,0.056452,0.016129,0.306452,0.056452,0.008065,0.04,0.32,0.24,0,0.04,0.28,0.08,0,0
sp|P42227|STAT3_MOUSE,0.08,0.32,0.24,0,0,0.24,0.12,0,0.133333,0.202778,0.213889,0.051389,0.044444,0.290278,0.045833,0.018056,0.16,0.04,0.36,0.08,0.08,0.24,0,0.04,0
sp|P34960|MMP12_MOUSE,0.04,0.12,0.16,0.04,0,0.56,0,0.08,0.099291,0.191489,0.217494,0.054374,0.070922,0.276596,0.082742,0.007092,0.08,0.2,0.24,0.04,0.04,0.24,0.12,0.04,0
sp|P17710|HXK1_MOUSE,0.12,0.12,0.12,0.2,0.16,0.24,0.04,0,0.12013,0.185065,0.22619,0.082251,0.029221,0.306277,0.025974,0.024892,0.2,0.12,0.24,0.2,0.04,0.2,0,0,0
sp|Q9EQQ9|OGA_MOUSE,0.44,0.2,0.2,0,0.04,0.12,0,0,0.162818,0.158199,0.207852,0.056582,0.061201,0.279446,0.053118,0.020785,0.12,0.16,0.12,0.12,0.04,0.4,0,0.04,0
sp|P61459|PHS_RAT,0.24,0.24,0.12,0.08,0.04,0.24,0.04,0,0.148148,0.240741,0.203704,0.037037,0.018519,0.314815,0.037037,0,0.24,0.12,0.24,0.04,0,0.32,0,0.04,0
sp|P63159|HMGB1_RAT,0.08,0.28,0.16,0.12,0.08,0.2,0.04,0.04,0.218182,0.29697,0.169697,0.048485,0.066667,0.139394,0.048485,0.012121,0.68,0,0.32,0,0,0,0,0,0
sp|P17256|KIME_RAT,0.16,0.16,0.08,0.12,0.04,0.44,0,0,0.15942,0.153623,0.182609,0.092754,0.052174,0.298551,0.034783,0.026087,0.16,0.12,0.24,0.12,0.08,0.28,0,0,0
sp|Q5XIM7|SYK_RAT,0.16,0.28,0.12,0.08,0,0.28,0.08,0,0.152778,0.197917,0.189236,0.060764,0.052083,0.291667,0.039931,0.015625,0.32,0.12,0.36,0,0.12,0.08,0,0,0
sp|P07335|KCRB_RAT,0.12,0.16,0.36,0,0.12,0.24,0,0,0.114804,0.178248,0.232628,0.093656,0.048338,0.277946,0.039275,0.015106,0.16,0.28,0.08,0.04,0.08,0.36,0,0,0
sp|P08037|B4GT1_BOVIN,0.2,0.2,0.08,0.12,0.08,0.28,0,0.04,0.088068,0.184659,0.210227,0.079545,0.090909,0.275568,0.053977,0.017045,0.04,0.12,0.24,0.04,0.08,0.36,0.12,0,0
sp|P14755|CRYL1_RABIT,0.16,0.04,0.16,0.16,0.04,0.4,0.04,0,0.141264,0.167286,0.200743,0.063197,0.05948,0.315985,0.02974,0.022305,0.2,0.44,0.04,0,0.04,0.2,0.04,0.04,0
sp|P11415|QOR_CAVPO,0.16,0.24,0.04,0.12,0.04,0.4,0,0,0.150538,0.157706,0.204301,0.107527,0.039427,0.283154,0.039427,0.017921,0.16,0.2,0.24,0.08,0,0.32,0,0,0
sp|Q01217|ARG56_YEAST,0.08,0.2,0.32,0,0.04,0.36,0,0,0.134071,0.164822,0.246002,0.071341,0.03936,0.287823,0.04797,0.00861,0.16,0.08,0.12,0.16,0.04,0.32,0.08,0.04,0
sp|P23202|URE2_YEAST,0.04,0.16,0.44,0.08,0,0.28,0,0,0.131579,0.157895,0.302632,0.052632,0.032895,0.273026,0.049342,0,0.2,0.28,0.04,0.04,0.08,0.28,0.08,0,0
sp|P03069|GCN4_YEAST,0.08,0.08,0.32,0.08,0.12,0.28,0.04,0,0.151515,0.17316,0.324675,0.012987,0.073593,0.251082,0.012987,0,0.24,0.24,0.12,0.04,0,0.32,0.04,0,0
sp|P07250|IPMK_YEAST,0.12,0.16,0.36,0.12,0,0.2,0.04,0,0.121311,0.170492,0.304918,0.04918,0.032787,0.268852,0.045902,0.006557,0.12,0.08,0.2,0.12,0.04,0.4,0.04,0,0
sp|P38011|GBLP_YEAST,0.16,0.08,0.28,0.12,0,0.32,0.04,0,0.137546,0.159851,0.282528,0.063197,0.02974,0.263941,0.055762,0.007435,0.12,0.12,0.32,0.08,0,0.28,0.08,0,0
sp|P14120|RL30_YEAST,0.12,0.24,0.2,0.04,0.04,0.32,0.04,0,0.127273,0.2,0.218182,0.090909,0.018182,0.254545,0.090909,0,0.12,0.08,0.24,0.12,0,0.44,0,0,0
sp|P04807|HXKB_YEAST,0.12,0.32,0.08,0.08,0.12,0.28,0,0,0.123853,0.158257,0.240826,0.080275,0.059633,0.28211,0.045872,0.009174,0.36,0.16,0.04,0.16,0,0.28,0,0,0
sp|P00044|CYC1_YEAST,0.16,0.28,0.2,0.08,0,0.2,0,0.08,0.101695,0.186441,0.237288,0.135593,0.067797,0.186441,0.084746,0,0.16,0.28,0.16,0.08,0,0.24,0.04,0.04,0
sp|P43593|UBP6_YEAST,0.12,0.12,0.32,0.08,0.04,0.28,0.04,0,0.135857,0.22049,0.240535,0.044543,0.040089,0.267261,0.040089,0.011136,0.2,0.08,0.16,0.2,0,0.32,0.04,0,0
sp|P28241|IDH2_YEAST,0.04,0.28,0.28,0.04,0.04,0.32,0,0,0.131661,0.131661,0.260188,0.07837,0.056426,0.30094,0.031348,0.009404,0.2,0.12,0.36,0.08,0.04,0.2,0,0,0
sp|P48570|HOSC_YEAST,0.16,0.12,0.28,0.04,0.12,0.2,0.08,0,0.145503,0.171958,0.238095,0.063492,0.02381,0.306878,0.029101,0.021164,0.2,0.24,0.32,0,0.12,0.12,0,0,0
sp|P14540|ALF_YEAST,0.08,0.2,0.16,0.12,0,0.4,0.04,0,0.187702,0.15534,0.20712,0.080906,0.05178,0.245955,0.055016,0.016181,0.16,0.2,0.32,0.08,0,0.24,0,0,0
sp|Q12309|CLF1_YEAST,0.16,0.2,0.28,0,0.04,0.28,0.04,0,0.160126,0.210361,0.194662,0.028257,0.023548,0.291994,0.084772,0.006279,0.16,0.32,0.2,0,0.08,0.2,0.04,0,0
sp|P06168|ILV5_YEAST,0.2,0.24,0.2,0,0,0.32,0,0.04,0.144928,0.168116,0.223188,0.095652,0.043478,0.246377,0.072464,0.005797,0.16,0.28,0.16,0.04,0.04,0.28,0.04,0,0
sp|P39533|ACON2_YEAST,0.12,0.2,0.28,0,0.04,0.32,0.04,0,0.133965,0.161028,0.258457,0.08525,0.054127,0.257104,0.037889,0.012179,0.12,0.2,0.28,0.08,0,0.28,0.04,0,0
sp|P00812|ARGI_YEAST,0.12,0.12,0.2,0.12,0.08,0.24,0.12,0,0.134276,0.134276,0.215548,0.106007,0.056537,0.300353,0.038869,0.014134,0.2,0.12,0.24,0.08,0,0.28,0,0.08,0
sp|P11325|SYLM_YEAST,0.08,0.24,0.2,0.08,0.12,0.28,0,0,0.122038,0.17891,0.231043,0.053318,0.060427,0.28673,0.053318,0.014218,0,0.32,0.12,0,0,0.52,0.04,0,0
sp|P36024|SIS2_YEAST,0.16,0.2,0.36,0.04,0.04,0.16,0,0.04,0.113281,0.177734,0.333984,0.041016,0.068359,0.236328,0.025391,0.003906,0.2,0.12,0.52,0.04,0.04,0.08,0,0,0
sp|Q08438|VHS3_YEAST,0.16,0.2,0.4,0.08,0,0.16,0,0,0.107372,0.149038,0.38141,0.059295,0.05609,0.225962,0.017628,0.003205,0.24,0.24,0.36,0.12,0,0.04,0,0,0
sp|P0CX45|RL2A_YEAST,0.04,0.36,0.2,0.16,0,0.24,0,0,0.132353,0.22549,0.171569,0.132353,0.053922,0.245098,0.039216,0,0.12,0.32,0.2,0.16,0,0.2,0,0,0
sp|Q3E7X9|RS28A_YEAST,0.04,0.2,0.24,0.16,0.04,0.32,0,0,0.117647,0.235294,0.294118,0,0,0.352941,0,0,0.2,0.24,0.16,0.04,0.04,0.32,0,0,0
sp|P33421|SDH3_YEAST,0.16,0.16,0.2,0.04,0.04,0.4,0,0,0.121622,0.175676,0.22973,0.060811,0.027027,0.317568,0.067568,0,0.08,0.08,0.16,0.16,0,0.4,0.12,0,0
sp|Q06559|RS3_DROME,0.16,0.2,0.24,0.04,0.04,0.32,0,0,0.153061,0.214286,0.142857,0.091837,0.040816,0.295918,0.040816,0.020408,0.2,0.12,0.24,0,0.2,0.2,0.04,0,0
sp|Q7JXV9|VPS25_DROME,0.2,0.16,0.12,0,0.16,0.24,0.12,0,0.129032,0.185484,0.233871,0.056452,0.024194,0.282258,0.080645,0.008065,0.2,0.2,0.08,0.12,0,0.36,0,0.04,0
sp|Q24314|VPS18_DROME,0.12,0.16,0.36,0.04,0.12,0.2,0,0,0.170168,0.19958,0.190126,0.035714,0.042017,0.290966,0.04937,0.022059,0.12,0.08,0.24,0.04,0.04,0.36,0.08,0.04,0
sp|Q9VU87|VPS36_DROME,0.16,0.2,0.28,0,0.04,0.28,0.04,0,0.17192,0.163324,0.232092,0.063037,0.037249,0.30086,0.020057,0.011461,0.08,0.2,0.16,0.12,0.04,0.32,0.04,0.04,0
sp|P19889|RLA0_DROME,0.24,0.2,0.08,0,0.04,0.36,0.08,0,0.17603,0.153558,0.205993,0.078652,0.06367,0.299625,0.014981,0.007491,0.32,0.16,0.24,0.08,0.04,0.16,0,0,0
sp|Q9V4S8|CSN7_DROME,0.16,0.16,0.24,0.04,0.04,0.32,0,0.04,0.157895,0.184211,0.214912,0.057018,0.039474,0.298246,0.039474,0.008772,0.12,0.36,0.2,0.04,0.08,0.2,0,0,0
tr|Q9VMB4|Q9VMB4_DROME,0.08,0.16,0.36,0.04,0.08,0.2,0.08,0,0.122034,0.178531,0.216949,0.068927,0.067797,0.263277,0.073446,0.00904,0.12,0.24,0.16,0.16,0.08,0.2,0,0.04,0
tr|Q9VD72|Q9VD72_DROME,0.16,0.4,0.08,0.12,0,0.2,0.04,0,0.147059,0.220588,0.176471,0.088235,0.009804,0.303922,0.034314,0.019608,0.24,0.12,0.24,0.08,0.12,0.12,0.08,0,0
sp|O13289|CATA_CANAL,0.12,0.2,0.24,0.08,0.16,0.2,0,0,0.156322,0.183908,0.236782,0.05977,0.057471,0.241379,0.05977,0.004598,0.2,0.24,0.16,0.04,0.04,0.28,0.04,0,0
sp|P82612|PMGY_CANAL,0.08,0.2,0.2,0.08,0.04,0.32,0.08,0,0.166667,0.191919,0.20202,0.060606,0.055556,0.272727,0.050505,0,0.4,0.2,0.08,0.08,0.08,0.08,0.08,0,0
sp|Q9Y7F0|TSA1_CANAL,0.2,0.16,0.12,0.04,0.12,0.36,0,0,0.178082,0.136986,0.184932,0.068493,0.041096,0.321918,0.054795,0.013699,0.16,0.2,0.28,0.04,0.12,0.12,0.08,0,0
sp|P41911|GPD2_YEAST,0.08,0.32,0.16,0,0.04,0.32,0.08,0,0.141026,0.194872,0.2,0.074359,0.038462,0.297436,0.035897,0.017949,0.2,0.08,0.24,0,0.04,0.36,0.08,0,0
sp|O74713|HGT1_CANAX,0.08,0.2,0.24,0.04,0.08,0.32,0.04,0,0.135354,0.123232,0.179798,0.09697,0.036364,0.343434,0.068687,0.016162,0.32,0.2,0.32,0,0,0.16,0,0,0
sp|Q93VT9|RL101_ARATH,0.04,0.4,0.04,0.12,0.12,0.08,0.12,0.08,0.141176,0.270588,0.135294,0.076471,0.035294,0.288235,0.023529,0.029412,0.16,0.2,0.16,0.08,0.12,0.2,0.04,0.04,0
sp|Q9ZVD5|AGO4_ARATH,0.24,0,0.44,0.2,0,0.12,0,0,0.113272,0.196796,0.231121,0.062929,0.06865,0.278032,0.032037,0.017162,0.12,0.12,0.24,0.04,0.12,0.32,0,0.04,0
sp|Q42525|HXK1_ARATH,0.24,0.08,0.08,0.08,0,0.44,0,0.08,0.154709,0.154709,0.206278,0.091928,0.035874,0.320628,0.026906,0.008969,0.2,0.08,0.36,0.12,0,0.2,0.04,0,0
sp|O04019|PS6AB_ARATH,0.24,0.04,0.4,0.08,0,0.24,0,0,0.163539,0.187668,0.217158,0.061662,0.045576,0.300268,0.013405,0.010724,0.2,0.24,0.2,0.04,0,0.24,0.08,0,0
sp|P11574|VATB1_ARATH,0.16,0.04,0.28,0.16,0,0.32,0.04,0,0.144495,0.155963,0.222477,0.080275,0.050459,0.300459,0.041284,0.004587,0.08,0.24,0.28,0,0.08,0.28,0.04,0,0
sp|P24058|ARLY2_ANAPL,0.16,0.16,0.24,0.16,0.04,0.2,0.04,0,0.150718,0.169856,0.246411,0.050239,0.023923,0.337321,0.021531,0,0.2,0.36,0.2,0.04,0,0.2,0,0,0
sp|P13743|LDHB_ANAPL,0.24,0.12,0.24,0,0.08,0.32,0,0,0.109541,0.155477,0.215548,0.091873,0.024735,0.332155,0.042403,0.028269,0.12,0.28,0.32,0,0,0.24,0.04,0,0
sp|P03880|ANI1_EMEND,0.04,0.2,0.24,0,0.12,0.36,0.04,0,0.09589,0.136986,0.216895,0.075342,0.025114,0.365297,0.075342,0.009132,0.04,0.32,0.16,0,0.04,0.28,0.16,0,0
sp|Q28399|ALDH1_ELEED,0.04,0.16,0.28,0.04,0.12,0.36,0,0,0.179601,0.157428,0.18847,0.086475,0.04878,0.274945,0.039911,0.02439,0.2,0.16,0.24,0.08,0,0.24,0.08,0,0
sp|P45850|OXO1_HORVU,0.08,0.12,0.36,0.08,0.08,0.24,0,0.04,0.099338,0.10596,0.258278,0.112583,0.086093,0.311258,0.019868,0.006623,0.2,0.16,0.12,0.12,0.04,0.36,0,0,0
sp|Q12629|PDC1_KLULA,0.12,0.2,0.12,0.08,0,0.44,0.04,0,0.150097,0.138402,0.243665,0.076023,0.048733,0.288499,0.044834,0.009747,0.2,0.16,0.32,0,0.08,0.24,0,0,0
sp|P09608|GAL1_KLULA,0.2,0.16,0.16,0,0.12,0.36,0,0,0.134658,0.145695,0.242826,0.072848,0.039735,0.286976,0.04415,0.033113,0.28,0.04,0.2,0.04,0.08,0.32,0.04,0,0
sp|P61866|RL12_CAEEL,0.12,0.12,0.12,0.12,0.12,0.32,0.04,0.04,0.130435,0.243478,0.191304,0.069565,0.06087,0.286957,0.008696,0.008696,0.2,0.16,0.2,0.08,0.08,0.24,0,0.04,0
tr|Q383B2|Q383B2_TRYB2,0.16,0.24,0.16,0.04,0,0.24,0.08,0.08,0.174174,0.15015,0.231231,0.066066,0.069069,0.273273,0.021021,0.015015,0.16,0.12,0.24,0,0.04,0.44,0,0,0
tr|D5GCF2|D5GCF2_TUBMM,0.2,0.16,0.24,0,0.08,0.32,0,0,0.156695,0.17094,0.279202,0.068376,0.105413,0.176638,0.042735,0,0.12,0.04,0.36,0.16,0.12,0.2,0,0,0
tr|D5G7U8|D5G7U8_TUBMM,0.12,0.2,0.2,0,0.12,0.28,0.08,0,0.116592,0.174888,0.246637,0.076233,0.035874,0.255605,0.076233,0.017937,0.24,0.28,0.08,0.08,0,0.28,0.04,0,0
tr|Q27089|Q27089_TRIVA,0.12,0.16,0.32,0.08,0.04,0.24,0.04,0,0.152665,0.172538,0.194219,0.079494,0.056007,0.268293,0.052394,0.02439,0.08,0.32,0.2,0.04,0.04,0.24,0.08,0,0
tr|Q27820|Q27820_TRIVA,0.08,0.32,0.08,0.04,0.04,0.36,0.04,0.04,0.136667,0.146667,0.253333,0.086667,0.05,0.28,0.026667,0.02,0.12,0.16,0.2,0,0,0.24,0.2,0.08,0
tr|I7MG78|I7MG78_TETTS,0.04,0.36,0.16,0,0.04,0.28,0.08,0.04,0.113208,0.191038,0.195755,0.073113,0.04717,0.308962,0.061321,0.009434,0.16,0.24,0.28,0,0.08,0.16,0.08,0,0
sp|P17506|EF1A1_XENLA,0.04,0.24,0.32,0.08,0.04,0.28,0,0,0.125908,0.184019,0.198547,0.084746,0.065375,0.297821,0.031477,0.012107,0.2,0.36,0.04,0.08,0.04,0.28,0,0,0
sp|P50142|HSP60_AJECA,0.16,0.2,0.36,0,0.08,0.2,0,0,0.187037,0.157407,0.231481,0.090741,0.024074,0.290741,0.011111,0.007407,0.16,0.04,0,0.44,0.16,0.2,0,0,0
sp|Q8X1T3|PYC_PICAN,0.16,0.24,0.32,0,0,0.24,0.04,0,0.152,0.168889,0.205333,0.074667,0.050667,0.298667,0.036444,0.013333,0.12,0.16,0.24,0.12,0,0.32,0,0.04,0
sp|Q92448|PFKA1_KOMPG,0.16,0.04,0.4,0,0.08,0.32,0,0,0.14377,0.161874,0.240682,0.084132,0.035144,0.273695,0.044728,0.015974,0.04,0.2,0.32,0.08,0,0.32,0.04,0,0
tr|Q95U89|Q95U89_LEIIN,0.08,0.24,0.2,0.04,0.08,0.32,0,0.04,0.147727,0.153409,0.215909,0.068182,0.034091,0.318182,0.051136,0.011364,0.12,0.16,0.2,0.12,0.12,0.2,0.04,0.04,0
tr|Q9I9A9|Q9I9A9_9SAUR,0.04,0.2,0.28,0,0,0.36,0.12,0,0.076923,0.230769,0.217949,0.089744,0.025641,0.269231,0.051282,0.038462,0.2,0.2,0.16,0.04,0,0.36,0,0.04,0
sp|P12063|SYYM_NEUCR,0.2,0.16,0.2,0.08,0.04,0.24,0.04,0.04,0.14378,0.216478,0.200323,0.082391,0.042003,0.260097,0.051696,0.003231,0.04,0.32,0.28,0.08,0.08,0.12,0.08,0,0
sp|P05979|PGH1_SHEEP,0.04,0.12,0.24,0,0.12,0.48,0,0,0.103636,0.178182,0.181818,0.074545,0.072727,0.301818,0.063636,0.023636,0.12,0.2,0.16,0.04,0.24,0.2,0.04,0,0
sp|P13922|DRTS_PLAFK,0.2,0.12,0.16,0,0,0.32,0.04,0.16,0.077061,0.18638,0.258065,0.044803,0.03405,0.302867,0.075269,0.021505,0.16,0.16,0.32,0,0,0.32,0.04,0,0
sp|Q75NZ0|SIR_PEA,0.16,0.2,0.24,0.04,0.08,0.24,0.04,0,0.12126,0.181102,0.231496,0.075591,0.056693,0.272441,0.050394,0.011024,0.2,0.2,0.24,0.08,0,0.24,0.04,0,0
sp|Q9UTI7|TYSY_SCHPO,0.2,0.32,0.12,0,0.08,0.28,0,0,0.133913,0.153043,0.25913,0.057391,0.055652,0.278261,0.046957,0.015652,0.08,0.08,0.28,0.08,0.08,0.32,0.08,0,0
sp|Q43155|GLTB_SPIOL,0.12,0.12,0.24,0.12,0,0.36,0,0.04,0.140423,0.158828,0.209952,0.095433,0.04908,0.29107,0.039536,0.015678,0.36,0.08,0.32,0.04,0.04,0.16,0,0,0
tr|Q9GLW8|Q9GLW8_PIG,0.2,0.12,0.12,0.08,0.12,0.36,0,0,0.142857,0.160714,0.178571,0.116071,0.035714,0.339286,0.008929,0.017857,0.08,0.08,0.36,0.04,0.08,0.32,0,0.04,0
sp|P0C0V0|DEGP_ECOLI,0.2,0.08,0.28,0.04,0.04,0.36,0,0,0.129717,0.158019,0.254717,0.120283,0.040094,0.283019,0.009434,0.004717,0.04,0.16,0.28,0.04,0.04,0.4,0.04,0,0
sp|P06709|BIRA_ECOLI,0.16,0.16,0.2,0.08,0.04,0.36,0,0,0.147601,0.177122,0.162362,0.110701,0.03321,0.321033,0.04428,0.00369,0.2,0.16,0.12,0.12,0.04,0.32,0.04,0,0
sp|P27302|TKT1_ECOLI,0.24,0.24,0.24,0.04,0,0.24,0,0,0.200653,0.156607,0.192496,0.091354,0.047308,0.247961,0.055465,0.008157,0.32,0.08,0.12,0.04,0.04,0.4,0,0,0
tr|Q8XDH4|Q8XDH4_ECO57,0.16,0.24,0.2,0.04,0.04,0.32,0,0,0.137255,0.133987,0.235294,0.120915,0.042484,0.271242,0.035948,0.022876,0.16,0.12,0.24,0.04,0.08,0.28,0.08,0,0
tr|D3QX74|D3QX74_ECOCB,0.08,0.36,0.12,0,0.04,0.36,0.04,0,0.12987,0.116883,0.233766,0.077922,0.064935,0.298701,0.051948,0.025974,0.28,0.16,0.16,0.12,0,0.28,0,0,0
sp|P60723|RL4_ECOLI,0.2,0.12,0.32,0.04,0,0.32,0,0,0.15894,0.258278,0.18543,0.07947,0.02649,0.264901,0.02649,0,0.24,0.12,0.16,0,0.04,0.44,0,0,0
sp|P23256|MALY_ECOLI,0.04,0.2,0.28,0.04,0,0.28,0.12,0.04,0.161765,0.141176,0.208824,0.067647,0.05,0.279412,0.073529,0.017647,0.2,0.2,0.12,0.12,0.04,0.28,0,0.04,0
sp|P0A7E9|PYRH_ECOLI,0.2,0.2,0.16,0.08,0.04,0.28,0.04,0,0.17801,0.13089,0.198953,0.094241,0.026178,0.335079,0.026178,0.010471,0.16,0.16,0.16,0.12,0.04,0.36,0,0,0
sp|P23872|AES_ECOLI,0.12,0.16,0.24,0,0.08,0.4,0,0,0.152416,0.152416,0.185874,0.074349,0.063197,0.260223,0.081784,0.02974,0.2,0.24,0.2,0.04,0,0.28,0.04,0,0
sp|P09546|PUTA_ECOLI,0.16,0.2,0.32,0.08,0,0.24,0,0,0.194488,0.170866,0.180315,0.072441,0.055906,0.276378,0.03937,0.010236,0.2,0.08,0.28,0.12,0,0.28,0.04,0,0
sp|P27278|NADR_ECOLI,0.12,0.24,0.28,0.04,0,0.24,0.04,0.04,0.138889,0.186111,0.2,0.063889,0.041667,0.3,0.063889,0.005556,0.24,0.2,0.12,0.04,0,0.32,0.04,0.04,0
sp|P68767|AMPA_ECOLI,0.16,0.16,0.16,0.08,0.08,0.32,0,0.04,0.16777,0.174393,0.19426,0.094923,0.037528,0.273731,0.039735,0.01766,0.24,0.16,0.12,0.16,0.04,0.28,0,0,0
sp|P69786|PTGCB_ECOLI,0.08,0.16,0.16,0.04,0.08,0.48,0,0,0.166276,0.100703,0.154567,0.11007,0.04918,0.367681,0.044496,0.007026,0.12,0.2,0.32,0.08,0,0.24,0.04,0,0
sp|P68187|MALK_ECOLI,0.12,0.16,0.28,0.04,0,0.36,0.04,0,0.146417,0.186916,0.161994,0.077882,0.05296,0.34891,0.021807,0.003115,0.16,0.28,0.08,0.08,0.12,0.2,0,0.08,0
sp|P76014|DHAL_ECOLI,0.08,0.12,0.36,0.04,0,0.28,0.08,0.04,0.175,0.1625,0.23125,0.1,0.03125,0.275,0.01875,0.00625,0.2,0.16,0.16,0.08,0.04,0.36,0,0,0
sp|P00957|SYA_ECOLI,0.16,0.28,0.2,0.04,0,0.32,0,0,0.173123,0.180387,0.214286,0.09201,0.025424,0.27724,0.030266,0.007264,0.32,0.12,0.16,0.12,0.04,0.2,0.04,0,0
sp|P0A7L0|RL1_ECOLI,0.16,0.32,0.2,0,0,0.28,0.04,0,0.195652,0.184783,0.184783,0.092391,0.038043,0.293478,0.01087,0,0.16,0.12,0.32,0.12,0,0.28,0,0,0
sp|P0A7V8|RS4_ECOLI,0.08,0.24,0.16,0.12,0.04,0.32,0.04,0,0.185897,0.269231,0.147436,0.076923,0.025641,0.24359,0.044872,0.00641,0.16,0.24,0.24,0,0.04,0.28,0.04,0,0
sp|P0A7W7|RS8_ECOLI,0.2,0.2,0.24,0.04,0.04,0.28,0,0,0.1625,0.2,0.15,0.075,0.05,0.3375,0.025,0,0.2,0.16,0.16,0.16,0,0.24,0.04,0.04,0
sp|P07017|MCP2_ECOLI,0.04,0.12,0.12,0.04,0,0.68,0,0,0.206759,0.17495,0.260437,0.05169,0.013917,0.262425,0.029821,0,0.24,0.24,0.16,0,0.2,0.12,0.04,0,0
sp|P0ADY3|RL14_ECOLI,0.12,0.2,0.2,0.04,0,0.4,0,0.04,0.082192,0.246575,0.191781,0.136986,0.041096,0.273973,0.013699,0.013699,0.16,0.16,0.12,0.04,0.08,0.44,0,0,0
sp|P0A7J3|RL10_ECOLI,0.32,0.16,0.16,0.04,0,0.32,0,0,0.26087,0.165217,0.13913,0.06087,0.043478,0.295652,0.026087,0.008696,0.4,0.2,0.16,0.04,0,0.2,0,0,0
sp|P02359|RS7_ECOLI,0.08,0.32,0.08,0.08,0.12,0.32,0,0,0.24031,0.209302,0.186047,0.046512,0.023256,0.263566,0.031008,0,0.12,0.24,0.24,0.08,0.04,0.2,0.08,0,0
sp|P24228|DACB_ECOLI,0.16,0.12,0.24,0.04,0,0.4,0,0.04,0.138173,0.166276,0.222482,0.084309,0.053864,0.285714,0.039813,0.009368,0.08,0.32,0.24,0,0.04,0.24,0.08,0,0
sp|P0A9Q7|ADHE_ECOLI,0.32,0.2,0.16,0,0,0.28,0.04,0,0.184304,0.153389,0.210464,0.072533,0.047562,0.284185,0.036861,0.010702,0.48,0.28,0.08,0.04,0.04,0.04,0.04,0,0
sp|P31658|HCHA_ECOLI,0.16,0.12,0.36,0,0.08,0.24,0.04,0,0.145923,0.167382,0.193133,0.077253,0.06867,0.283262,0.055794,0.008584,0.36,0.08,0.16,0.12,0.04,0.2,0.04,0,0
sp|P0DOB5|PFKA_LACLA,0.2,0.16,0.16,0.12,0.04,0.32,0,0,0.172414,0.131034,0.196552,0.151724,0.024138,0.296552,0.024138,0.003448,0.12,0.16,0.32,0.04,0.04,0.28,0.04,0,0
sp|Q07637|KPYK_LACLA,0.12,0.24,0.12,0.16,0.04,0.32,0,0,0.190265,0.146018,0.232301,0.084071,0.035398,0.292035,0.017699,0.002212,0.04,0.16,0.28,0.12,0.04,0.36,0,0,0
tr|K1MKZ7|K1MKZ7_9LACO,0.16,0.2,0.28,0,0,0.36,0,0,0.156962,0.141772,0.235443,0.096203,0.035443,0.263291,0.063291,0.007595,0.08,0.24,0.2,0.08,0.04,0.28,0.08,0,0
tr|D5GYN9|D5GYN9_LACCS,0.24,0.28,0.16,0,0,0.28,0.04,0,0.159494,0.159494,0.235443,0.081013,0.04557,0.281013,0.027848,0.010127,0.16,0.24,0.28,0,0,0.12,0.2,0,0
sp|P37887|CYSK_BACSU,0.12,0.12,0.28,0.04,0.04,0.4,0,0,0.217054,0.143411,0.162791,0.124031,0.054264,0.263566,0.034884,0,0.08,0.2,0.2,0.08,0.08,0.28,0.08,0,0
sp|P39633|DHE2_BACSU,0.2,0.2,0.28,0,0,0.32,0,0,0.144385,0.152406,0.213904,0.09893,0.045455,0.28877,0.045455,0.010695,0.2,0.2,0.16,0.08,0,0.28,0.08,0,0
sp|P41007|PYRR_BACCL,0.28,0.28,0.08,0,0,0.36,0,0,0.124031,0.178295,0.193798,0.085271,0.054264,0.341085,0.015504,0.007752,0.16,0.16,0.28,0.04,0,0.36,0,0,0
tr|Q6HEJ4|Q6HEJ4_BACHK,0.2,0.16,0.04,0.12,0.04,0.4,0.04,0,0.234828,0.158311,0.189974,0.068602,0.060686,0.263852,0.021108,0.002639,0.2,0.24,0.16,0.04,0.04,0.32,0,0,0
sp|Q9KK62|CBH_BIFLN,0.04,0.08,0.4,0.12,0,0.24,0.08,0.04,0.134831,0.134831,0.2397,0.097378,0.044944,0.280899,0.059925,0.007491,0.2,0.08,0.36,0,0.04,0.24,0.08,0,0
tr|C2GUH0|C2GUH0_BIFLN,0.28,0.16,0.2,0.04,0,0.28,0.04,0,0.161215,0.154206,0.231308,0.065421,0.070093,0.273364,0.03972,0.004673,0.16,0.2,0.16,0.04,0.08,0.28,0.08,0,0
tr|A0A0E2ZJV3|A0A0E2ZJV3_FRATU,0.2,0.16,0.12,0.08,0.04,0.36,0.04,0,0.197368,0.148026,0.210526,0.088816,0.042763,0.259868,0.036184,0.016447,0.12,0.2,0.16,0.04,0.08,0.36,0.04,0,0
sp|P13299|TEV1_BPT4,0.08,0.2,0.28,0.08,0,0.28,0.08,0,0.117949,0.25641,0.246154,0.061538,0.030769,0.205128,0.035897,0.046154,0.04,0.2,0.28,0.04,0,0.28,0.16,0,0
sp|P9WK17|MASZ_MYCTU,0.12,0.12,0.28,0.04,0,0.4,0.04,0,0.160637,0.146165,0.234443,0.083936,0.049204,0.283647,0.036179,0.005789,0.36,0.32,0.16,0.04,0.08,0.04,0,0,0
sp|P9WPW9|MURI_MYCTU,0.12,0.04,0.2,0.16,0.08,0.4,0,0,0.199095,0.140271,0.190045,0.081448,0.058824,0.285068,0.027149,0.0181,0.08,0.24,0.08,0.12,0.12,0.36,0,0,0
sp|P9WQN9|A85C_MYCTU,0.24,0.24,0.16,0,0.04,0.32,0,0,0.110345,0.110345,0.244828,0.127586,0.07931,0.227586,0.096552,0.003448,0.36,0.12,0.12,0.04,0.16,0.2,0,0,0
tr|A0A0H3L8I8|A0A0H3L8I8_MYCTE,0.12,0.2,0.24,0.08,0,0.28,0.08,0,0.148649,0.138514,0.236486,0.092342,0.064189,0.27027,0.042793,0.006757,0.08,0.16,0.2,0.16,0.04,0.24,0.12,0,0
tr|A0A0E0UUG2|A0A0E0UUG2_LISMM,0.12,0.2,0.16,0,0.04,0.44,0,0.04,0.18569,0.170358,0.211244,0.039182,0.025554,0.303237,0.059625,0.005111,0.08,0.16,0.36,0,0.04,0.32,0.04,0,0
sp|O33983|AMI_LISMG,0.12,0.12,0.2,0.08,0,0.48,0,0,0.124567,0.176471,0.279123,0.078431,0.034602,0.214533,0.092272,0,0.16,0.28,0.16,0.08,0,0.2,0.12,0,0
sp|P44324|ASPA_HAEIN,0.2,0.16,0.16,0.04,0.04,0.32,0.08,0,0.152941,0.138824,0.221176,0.082353,0.035294,0.324706,0.021176,0.023529,0.16,0.16,0.32,0,0.04,0.28,0.04,0,0
sp|P53647|SODM_MYCPA,0.2,0.08,0.24,0.04,0.08,0.24,0.12,0,0.178344,0.184713,0.197452,0.082803,0.025478,0.261146,0.070064,0,0.2,0.2,0.2,0.08,0,0.24,0.08,0,0
tr|C4XEI3|C4XEI3_MYCFP,0.08,0.32,0.2,0.04,0.04,0.28,0.04,0,0.185366,0.168293,0.214634,0.087805,0.026829,0.270732,0.041463,0.004878,0.36,0.12,0.12,0.08,0,0.28,0.04,0,0
sp|P75391|ODPB_MYCPN,0.24,0.12,0.28,0.04,0.04,0.28,0,0,0.151625,0.144404,0.176895,0.101083,0.054152,0.314079,0.050542,0.00722,0.2,0.24,0.12,0.04,0.04,0.32,0.04,0,0
tr|Q4A9M4|Q4A9M4_MYCHJ,0.16,0.16,0.28,0,0.04,0.32,0.04,0,0.158924,0.156479,0.246944,0.056235,0.03423,0.295844,0.0489,0.002445,0.12,0.16,0.24,0.04,0.04,0.36,0.04,0,0
sp|A9M296|DNAK_NEIM0,0.12,0.12,0.32,0.12,0,0.28,0,0.04,0.224662,0.179054,0.209459,0.081081,0.030405,0.256757,0.016892,0.001689,0.24,0.24,0.36,0,0,0.16,0,0,0
tr|A0A125WDU3|A0A125WDU3_NEIME,0.08,0.08,0.28,0.08,0.08,0.28,0.08,0.04,0.138889,0.208333,0.180556,0.097222,0,0.319444,0.027778,0.027778,0.2,0.32,0.12,0.08,0,0.24,0.04,0,0
tr|Q1J8I3|Q1J8I3_STRPF,0,0.2,0.08,0.16,0,0.56,0,0,0.162712,0.138983,0.257627,0.098305,0.033898,0.284746,0.016949,0.00678,0.2,0.16,0.24,0,0,0.24,0.16,0,0
tr|E6IYJ0|E6IYJ0_STRAP,0.08,0.28,0.16,0.12,0,0.28,0.08,0,0.154696,0.110497,0.220994,0.132597,0.033149,0.298343,0.038674,0.01105,0.12,0.28,0.12,0.16,0,0.28,0.04,0,0
tr|E6J203|E6J203_STRAP,0.24,0.2,0.16,0.04,0.08,0.24,0.04,0,0.227723,0.138614,0.20297,0.079208,0.034653,0.257426,0.039604,0.019802,0.24,0.04,0.2,0.12,0,0.4,0,0,0
tr|Q8DNW9|Q8DNW9_STRR6,0.2,0.16,0.28,0.04,0.04,0.16,0.12,0,0.205172,0.158621,0.205172,0.041379,0.048276,0.274138,0.065517,0.001724,0.12,0.12,0.24,0.08,0.04,0.28,0.12,0,0
sp|P0A4S2|ALF_STRR6,0.24,0.12,0.2,0.12,0,0.28,0.04,0,0.222222,0.152263,0.156379,0.098765,0.041152,0.283951,0.037037,0.00823,0.28,0.16,0.16,0.12,0,0.28,0,0,0
sp|A8AUR6|EFG_STRGC,0.2,0.2,0.24,0.08,0,0.28,0,0,0.186625,0.160187,0.206843,0.079316,0.041991,0.289269,0.034215,0.001555,0.2,0.28,0.12,0.04,0.04,0.28,0.04,0,0
sp|A8AWA0|EFTU_STRGC,0.08,0.32,0.2,0.12,0.04,0.2,0.04,0,0.16092,0.155172,0.212644,0.077586,0.054598,0.310345,0.028736,0,0.2,0.12,0.24,0.2,0,0.24,0,0,0
tr|A0A0H2UNG6|A0A0H2UNG6_STRPN,0.16,0.12,0.2,0.12,0,0.4,0,0,0.169811,0.148585,0.221698,0.07783,0.042453,0.275943,0.056604,0.007075,0.12,0.28,0.24,0.08,0,0.08,0.2,0,0
tr|Q8E4T9|Q8E4T9_STRA3,0.12,0.24,0.2,0,0.04,0.4,0,0,0.162727,0.180909,0.291818,0.061818,0.055455,0.2,0.047273,0,0.08,0.32,0.16,0.04,0,0.4,0,0,0
sp|Q2YVT4|SLE1_STAAB,0.32,0.16,0.2,0.04,0,0.28,0,0,0.084211,0.122807,0.37193,0.098246,0.02807,0.210526,0.080702,0.003509,0.12,0.16,0.2,0.04,0.08,0.2,0.2,0,0
tr|Q9AIS0|Q9AIS0_9STAP,0.12,0.16,0.24,0.04,0.04,0.36,0.04,0,0.107063,0.189591,0.365799,0.06171,0.030483,0.168773,0.07658,0,0.12,0.24,0.12,0.12,0.04,0.2,0.16,0,0
sp|Q9K498|EIZFM_STRCO,0.32,0.08,0.16,0.04,0.24,0.16,0,0,0.187348,0.182482,0.16545,0.07056,0.07056,0.272506,0.043796,0.007299,0.12,0.2,0.2,0.08,0.08,0.32,0,0,0
sp|P0AAI4|FTSH_SHIFL,0.08,0.08,0.16,0.04,0.04,0.56,0.04,0,0.175084,0.175084,0.186869,0.092593,0.050505,0.292929,0.023569,0.003367,0.12,0.2,0.28,0.08,0.2,0.12,0,0,0
sp|P54066|RL7A_METJA,0.28,0.24,0.04,0,0.04,0.36,0.04,0,0.283582,0.179104,0.089552,0.074627,0.044776,0.268657,0.044776,0.014925,0.24,0.16,0.16,0.04,0,0.4,0,0,0
sp|Q57872|DCDB_METJA,0,0.2,0.32,0,0.04,0.4,0.04,0,0.103896,0.142857,0.233766,0.077922,0.032468,0.311688,0.084416,0.012987,0.04,0.36,0.28,0,0.04,0.2,0.08,0,0
sp|B1YAL1|FBPAP_PYRNV,0.08,0.24,0.12,0.12,0.08,0.36,0,0,0.174785,0.169054,0.148997,0.088825,0.074499,0.297994,0.045845,0,0.24,0.36,0.12,0.04,0,0.16,0.08,0,0
sp|Q9HI69|GLFT_THEAC,0.12,0.2,0.28,0.04,0.04,0.28,0,0.04,0.189723,0.16996,0.189723,0.059289,0.043478,0.304348,0.035573,0.007905,0.24,0.16,0.16,0.08,0,0.28,0.08,0,0
tr|Q5JFD7|Q5JFD7_THEKO,0.12,0.16,0.24,0.04,0.12,0.24,0.08,0,0.162896,0.153846,0.147059,0.11086,0.047511,0.31448,0.052036,0.011312,0.08,0.24,0.16,0.04,0.12,0.36,0,0,0
tr|Q5JFG7|Q5JFG7_THEKO,0.16,0.08,0.16,0.16,0.08,0.36,0,0,0.172619,0.16369,0.184524,0.08631,0.047619,0.279762,0.0625,0.002976,0.16,0.2,0.08,0.12,0.08,0.2,0.16,0,0
tr|Q7LX99|Q7LX99_SACS2,0.04,0.16,0.2,0.08,0.16,0.28,0.08,0,0.106287,0.16018,0.23503,0.07485,0.046407,0.293413,0.076347,0.007485,0.32,0.2,0.04,0.08,0,0.32,0.04,0,0
tr|B9VJ59|B9VJ59_9MONO,0.2,0.04,0.32,0.04,0.12,0.28,0,0,0.073308,0.12406,0.298872,0.06391,0.058271,0.287594,0.06203,0.031955,0.12,0.08,0.2,0.04,0.04,0.48,0.04,0,0